Work Package ID,Start Date,End Date
1.1,01/01/2023,15/01/2023
1.2,01/01/2023,15/01/2023
1.2,01/01/2023,15/01/2023
1.3,15/01/2023,29/01/2023
1.3,15/01/2023,29/01/2023
1.4,15/01/2023,29/01/2023
1.4,15/01/2023,29/01/2023
1.5,22/01/2023,05/02/2023
1.6,01/01/2023,03/04/2024
1.6,01/01/2023,03/04/2024
2.1,22/01/2023,19/02/2023
2.1,22/01/2023,19/02/2023
2.2,22/01/2023,05/03/2023
2.3,12/02/2023,03/04/2023
2.4,12/02/2023,03/04/2023
2.4,12/02/2023,03/04/2023
2.5,12/02/2023,03/04/2023
2.5,12/02/2023,03/04/2023
3.1,05/03/2023,09/04/2023
3.2,02/04/2023,02/07/2023
3.2,02/04/2023,02/07/2023
3.3,25/06/2023,20/08/2023
4.1,02/04/2023,13/08/2023
4.1,02/04/2023,13/08/2023
4.2,25/06/2023,19/11/2023
4.2,25/06/2023,19/11/2023
4.3,20/08/2023,17/12/2023
4.4,10/12/2023,03/04/2024
4.4,10/12/2023,03/04/2024
5.1,02/04/2023,29/10/2023
5.1,02/04/2023,29/10/2023
5.2,11/06/2023,07/01/2024
5.2,11/06/2023,07/01/2024
5.3,12/11/2023,18/03/2024
5.4,12/02/2024,03/04/2024
5.4,12/02/2024,03/04/2024
6.1,24/09/2023,05/11/2023
6.2,29/10/2023,18/02/2024
6.2,29/10/2023,18/02/2024
6.3,26/11/2023,03/04/2024
6.3,26/11/2023,03/04/2024
7.1,03/12/2023,14/01/2024
7.1,03/12/2023,14/01/2024
7.2,07/01/2024,03/02/2024
7.2,07/01/2024,03/02/2024
7.3,28/01/2024,03/04/2024
8.1,17/12/2023,11/02/2024
8.1,17/12/2023,11/02/2024
8.2,10/12/2023,03/04/2024
8.2,10/12/2023,03/04/2024
9.1,14/01/2024,11/02/2024
9.2,28/01/2024,25/02/2024
9.3,18/02/2024,03/04/2024
